<?xml version="1.0" encoding="UTF-8"?>
<project-private xmlns="http://www.netbeans.org/ns/project-private/1">
    <editor-bookmarks xmlns="http://www.netbeans.org/ns/editor-bookmarks/2" lastBookmarkId="0"/>
    <open-files xmlns="http://www.netbeans.org/ns/projectui-open-files/2">
        <group>
            <file>file:/C:/Satria/My%20File/SIDE%20Project/My%20game/basic/tictactoeweb/src/java/Board.java</file>
            <file>file:/C:/Satria/My%20File/SIDE%20Project/My%20game/basic/tictactoeweb/src/java/tictactoecontroller.java</file>
            <file>file:/C:/Satria/My%20File/SIDE%20Project/My%20game/basic/tictactoeweb/web/indexajax.jsp</file>
            <file>file:/C:/Satria/My%20File/SIDE%20Project/My%20game/basic/tictactoeweb/web/index.jsp</file>
        </group>
    </open-files>
</project-private>
